datetime,Unnamed: 0,year,DOY,time,Ta,HR,VPD,R,meanWS,P,maxWS
2024-04-01 00:00:00,221328,2024,92,0,3.71,82.0,,,,0.0,
2024-04-01 01:00:00,221329,2024,92,100,3.26,81.0,,,,0.0,
2024-04-01 02:00:00,221330,2024,92,200,3.06,80.0,,,,0.0,
2024-04-01 03:00:00,221331,2024,92,300,3.25,78.0,,,,0.0,
2024-04-01 04:00:00,221332,2024,92,400,3.19,80.0,,,,0.0,
2024-04-01 05:00:00,221333,2024,92,500,3.18,83.0,,,,0.0,
2024-04-01 06:00:00,221334,2024,92,600,3.02,79.0,,,,0.0,
2024-04-01 07:00:00,221335,2024,92,700,2.93,74.0,,,,0.0,
2024-04-01 08:00:00,221336,2024,92,800,3.68,70.0,,,,0.0,
2024-04-01 09:00:00,221337,2024,92,900,6.76,63.0,,,,0.0,
2024-04-01 10:00:00,221338,2024,92,1000,7.86,60.0,,,,0.0,
2024-04-01 11:00:00,221339,2024,92,1100,9.62,53.0,,,,0.0,
2024-04-01 12:00:00,221340,2024,92,1200,11.69,55.0,,,,0.0,
2024-04-01 13:00:00,221341,2024,92,1300,10.73,48.0,,,,0.0,
2024-04-01 14:00:00,221342,2024,92,1400,11.05,47.0,,,,0.0,
2024-04-01 15:00:00,221343,2024,92,1500,10.35,49.0,,,,0.0,
2024-04-01 16:00:00,221344,2024,92,1600,11.78,50.0,,,,0.0,
2024-04-01 17:00:00,221345,2024,92,1700,11.31,65.0,,,,0.0,
2024-04-01 18:00:00,221346,2024,92,1800,10.45,78.0,,,,0.0,
2024-04-01 19:00:00,221347,2024,92,1900,7.27,98.0,,,,0.0,
2024-04-01 20:00:00,221348,2024,92,2000,6.31,97.0,,,,0.0,
2024-04-01 21:00:00,221349,2024,92,2100,4.66,100.0,,,,0.0,
2024-04-01 22:00:00,221350,2024,92,2200,5.05,92.0,,,,0.0,
2024-04-01 23:00:00,221351,2024,92,2300,5.66,79.0,,,,0.0,
2024-04-02 00:00:00,221352,2024,93,0,5.57,80.0,,,,0.0,
2024-04-02 01:00:00,221353,2024,93,100,5.46,79.0,,,,0.0,
2024-04-02 02:00:00,221354,2024,93,200,5.26,80.0,,,,0.0,
2024-04-02 03:00:00,221355,2024,93,300,5.11,83.0,,,,0.0,
2024-04-02 04:00:00,221356,2024,93,400,4.87,79.0,,,,0.0,
2024-04-02 05:00:00,221357,2024,93,500,4.54,75.0,,,,0.0,
2024-04-02 06:00:00,221358,2024,93,600,4.44,73.0,,,,0.0,
2024-04-02 07:00:00,221359,2024,93,700,4.15,70.0,,,,0.0,
2024-04-02 08:00:00,221360,2024,93,800,4.57,60.0,,,,0.0,
2024-04-02 09:00:00,221361,2024,93,900,9.03,56.0,,,,0.0,
2024-04-02 10:00:00,221362,2024,93,1000,10.56,43.0,,,,0.0,
2024-04-02 11:00:00,221363,2024,93,1100,13.58,33.0,,,,0.0,
2024-04-02 12:00:00,221364,2024,93,1200,15.07,38.0,,,,0.0,
2024-04-02 13:00:00,221365,2024,93,1300,15.03,48.0,,,,0.0,
2024-04-02 14:00:00,221366,2024,93,1400,15.69,54.0,,,,0.0,
2024-04-02 15:00:00,221367,2024,93,1500,14.61,59.0,,,,0.0,
2024-04-02 16:00:00,221368,2024,93,1600,13.27,68.0,,,,0.0,
2024-04-02 17:00:00,221369,2024,93,1700,11.75,69.0,,,,0.0,
2024-04-02 18:00:00,221370,2024,93,1800,9.68,67.0,,,,0.0,
2024-04-02 19:00:00,221371,2024,93,1900,8.31,61.0,,,,0.0,
2024-04-02 20:00:00,221372,2024,93,2000,7.6,57.0,,,,0.0,
2024-04-02 21:00:00,221373,2024,93,2100,7.73,53.0,,,,0.0,
2024-04-02 22:00:00,221374,2024,93,2200,7.48,58.0,,,,0.0,
2024-04-02 23:00:00,221375,2024,93,2300,9.05,80.0,,,,0.0,
2024-04-03 00:00:00,221376,2024,94,0,8.67,96.0,,,,0.0,
2024-04-03 01:00:00,221377,2024,94,100,8.82,99.0,,,,0.0,
2024-04-03 02:00:00,221378,2024,94,200,8.46,99.0,,,,0.0,
2024-04-03 03:00:00,221379,2024,94,300,8.22,78.0,,,,0.0,
2024-04-03 04:00:00,221380,2024,94,400,8.48,67.0,,,,0.0,
2024-04-03 05:00:00,221381,2024,94,500,8.49,70.0,,,,0.0,
2024-04-03 06:00:00,221382,2024,94,600,8.53,74.0,,,,0.0,
2024-04-03 07:00:00,221383,2024,94,700,8.03,67.0,,,,0.0,
2024-04-03 08:00:00,221384,2024,94,800,8.52,65.0,,,,0.0,
2024-04-03 09:00:00,221385,2024,94,900,11.09,62.0,,,,0.0,
2024-04-03 10:00:00,221386,2024,94,1000,13.12,59.0,,,,0.0,
2024-04-03 11:00:00,221387,2024,94,1100,15.01,56.0,,,,0.0,
2024-04-03 12:00:00,221388,2024,94,1200,15.9,53.0,,,,0.0,
2024-04-03 13:00:00,221389,2024,94,1300,16.19,50.0,,,,0.0,
2024-04-03 14:00:00,221390,2024,94,1400,16.03,47.0,,,,0.0,
2024-04-03 15:00:00,221391,2024,94,1500,17.65,47.0,,,,0.0,
2024-04-03 16:00:00,221392,2024,94,1600,16.99,44.0,,,,0.0,
2024-04-03 17:00:00,221393,2024,94,1700,15.84,51.0,,,,0.0,
2024-04-03 18:00:00,221394,2024,94,1800,14.7,60.0,,,,0.0,
2024-04-03 19:00:00,221395,2024,94,1900,12.98,83.0,,,,0.0,
2024-04-03 20:00:00,221396,2024,94,2000,11.7,99.0,,,,0.0,
2024-04-03 21:00:00,221397,2024,94,2100,10.67,100.0,,,,0.0,
2024-04-03 22:00:00,221398,2024,94,2200,10.12,100.0,,,,0.0,
2024-04-03 23:00:00,221399,2024,94,2300,11.0,100.0,,,,0.0,
2024-04-04 00:00:00,221400,2024,95,0,11.18,100.0,,,,0.0,
2024-04-04 01:00:00,221401,2024,95,100,11.5,100.0,,,,0.0,
2024-04-04 02:00:00,221402,2024,95,200,11.18,100.0,,,,0.0,
2024-04-04 03:00:00,221403,2024,95,300,11.1,100.0,,,,0.0,
2024-04-04 04:00:00,221404,2024,95,400,11.01,100.0,,,,0.0,
2024-04-04 05:00:00,221405,2024,95,500,10.99,100.0,,,,0.0,
2024-04-04 06:00:00,221406,2024,95,600,10.33,100.0,,,,0.0,
2024-04-04 07:00:00,221407,2024,95,700,9.61,81.0,,,,0.0,
2024-04-04 08:00:00,221408,2024,95,800,10.05,57.0,,,,0.0,
2024-04-04 09:00:00,221409,2024,95,900,15.09,50.0,,,,0.0,
2024-04-04 10:00:00,221410,2024,95,1000,17.64,47.0,,,,0.0,
2024-04-04 11:00:00,221411,2024,95,1100,17.87,39.0,,,,0.0,
2024-04-04 12:00:00,221412,2024,95,1200,19.74,38.0,,,,0.0,
2024-04-04 13:00:00,221413,2024,95,1300,20.38,39.0,,,,0.0,
2024-04-04 14:00:00,221414,2024,95,1400,20.79,46.0,,,,0.0,
2024-04-04 15:00:00,221415,2024,95,1500,20.34,45.0,,,,0.0,
2024-04-04 16:00:00,221416,2024,95,1600,18.39,49.0,,,,0.0,
2024-04-04 17:00:00,221417,2024,95,1700,17.42,58.0,,,,0.0,
2024-04-04 18:00:00,221418,2024,95,1800,15.85,63.0,,,,0.0,
2024-04-04 19:00:00,221419,2024,95,1900,14.79,63.0,,,,0.0,
2024-04-04 20:00:00,221420,2024,95,2000,14.94,57.0,,,,0.0,
2024-04-04 21:00:00,221421,2024,95,2100,13.4,61.0,,,,0.0,
2024-04-04 22:00:00,221422,2024,95,2200,12.73,59.0,,,,0.0,
2024-04-04 23:00:00,221423,2024,95,2300,12.53,54.0,,,,0.0,
2024-04-05 00:00:00,221424,2024,96,0,12.86,53.0,,,,0.0,
2024-04-05 01:00:00,221425,2024,96,100,12.42,54.0,,,,0.0,
2024-04-05 02:00:00,221426,2024,96,200,12.29,55.0,,,,0.0,
2024-04-05 03:00:00,221427,2024,96,300,12.21,54.0,,,,0.0,
2024-04-05 04:00:00,221428,2024,96,400,12.06,59.0,,,,0.0,
2024-04-05 05:00:00,221429,2024,96,500,11.81,57.0,,,,0.0,
2024-04-05 06:00:00,221430,2024,96,600,12.11,60.0,,,,0.0,
2024-04-05 07:00:00,221431,2024,96,700,12.36,51.0,,,,0.0,
2024-04-05 08:00:00,221432,2024,96,800,13.02,44.0,,,,0.0,
2024-04-05 09:00:00,221433,2024,96,900,15.05,44.0,,,,0.0,
2024-04-05 10:00:00,221434,2024,96,1000,14.79,37.0,,,,0.0,
2024-04-05 11:00:00,221435,2024,96,1100,19.44,38.0,,,,0.0,
2024-04-05 12:00:00,221436,2024,96,1200,20.42,39.0,,,,0.0,
2024-04-05 13:00:00,221437,2024,96,1300,20.66,38.0,,,,0.0,
2024-04-05 14:00:00,221438,2024,96,1400,18.38,37.0,,,,0.0,
2024-04-05 15:00:00,221439,2024,96,1500,20.52,33.0,,,,0.0,
2024-04-05 16:00:00,221440,2024,96,1600,18.06,35.0,,,,0.0,
2024-04-05 17:00:00,221441,2024,96,1700,16.53,37.0,,,,0.0,
2024-04-05 18:00:00,221442,2024,96,1800,15.52,39.0,,,,0.0,
2024-04-05 19:00:00,221443,2024,96,1900,14.29,42.0,,,,0.0,
2024-04-05 20:00:00,221444,2024,96,2000,12.95,39.0,,,,0.0,
2024-04-05 21:00:00,221445,2024,96,2100,12.19,38.0,,,,0.0,
2024-04-05 22:00:00,221446,2024,96,2200,12.2,38.0,,,,0.0,
2024-04-05 23:00:00,221447,2024,96,2300,12.7,38.0,,,,0.0,
2024-04-06 00:00:00,221448,2024,97,0,12.62,38.0,,,,0.0,
2024-04-06 01:00:00,221449,2024,97,100,12.75,44.0,,,,0.0,
2024-04-06 02:00:00,221450,2024,97,200,13.37,44.0,,,,0.0,
2024-04-06 03:00:00,221451,2024,97,300,13.62,58.0,,,,0.0,
2024-04-06 04:00:00,221452,2024,97,400,13.28,65.0,,,,0.0,
2024-04-06 05:00:00,221453,2024,97,500,12.79,64.0,,,,0.0,
2024-04-06 06:00:00,221454,2024,97,600,12.51,56.0,,,,0.0,
2024-04-06 07:00:00,221455,2024,97,700,12.71,38.0,,,,0.0,
2024-04-06 08:00:00,221456,2024,97,800,13.84,33.0,,,,0.0,
2024-04-06 09:00:00,221457,2024,97,900,17.57,31.0,,,,0.0,
2024-04-06 10:00:00,221458,2024,97,1000,19.32,31.0,,,,0.0,
2024-04-06 11:00:00,221459,2024,97,1100,22.31,35.0,,,,0.0,
2024-04-06 12:00:00,221460,2024,97,1200,21.67,35.0,,,,0.0,
2024-04-06 13:00:00,221461,2024,97,1300,21.31,35.0,,,,0.0,
2024-04-06 14:00:00,221462,2024,97,1400,22.53,35.0,,,,0.0,
2024-04-06 15:00:00,221463,2024,97,1500,20.85,42.0,,,,0.0,
2024-04-06 16:00:00,221464,2024,97,1600,20.34,43.0,,,,0.0,
2024-04-06 17:00:00,221465,2024,97,1700,18.51,44.0,,,,0.0,
2024-04-06 18:00:00,221466,2024,97,1800,16.54,49.0,,,,0.0,
2024-04-06 19:00:00,221467,2024,97,1900,15.46,49.0,,,,0.0,
2024-04-06 20:00:00,221468,2024,97,2000,14.94,41.0,,,,0.0,
2024-04-06 21:00:00,221469,2024,97,2100,14.15,43.0,,,,0.0,
2024-04-06 22:00:00,221470,2024,97,2200,15.23,41.0,,,,0.0,
2024-04-06 23:00:00,221471,2024,97,2300,15.68,37.0,,,,0.0,
2024-04-07 00:00:00,221472,2024,98,0,16.81,36.0,,,,0.0,
2024-04-07 01:00:00,221473,2024,98,100,17.44,35.0,,,,0.0,
2024-04-07 02:00:00,221474,2024,98,200,17.51,39.0,,,,0.0,
2024-04-07 03:00:00,221475,2024,98,300,17.2,41.0,,,,0.0,
2024-04-07 04:00:00,221476,2024,98,400,17.2,41.0,,,,0.0,
2024-04-07 05:00:00,221477,2024,98,500,17.07,37.0,,,,0.0,
2024-04-07 06:00:00,221478,2024,98,600,16.34,37.0,,,,0.0,
2024-04-07 07:00:00,221479,2024,98,700,16.15,35.0,,,,0.0,
2024-04-07 08:00:00,221480,2024,98,800,16.06,36.0,,,,0.0,
2024-04-07 09:00:00,221481,2024,98,900,15.95,41.0,,,,0.0,
2024-04-07 10:00:00,221482,2024,98,1000,16.49,43.0,,,,0.0,
2024-04-07 11:00:00,221483,2024,98,1100,16.78,46.0,,,,0.0,
2024-04-07 12:00:00,221484,2024,98,1200,17.72,49.0,,,,0.0,
2024-04-07 13:00:00,221485,2024,98,1300,17.94,49.0,,,,0.0,
2024-04-07 14:00:00,221486,2024,98,1400,18.73,54.0,,,,0.0,
2024-04-07 15:00:00,221487,2024,98,1500,18.06,48.0,,,,0.0,
2024-04-07 16:00:00,221488,2024,98,1600,17.94,48.0,,,,0.0,
2024-04-07 17:00:00,221489,2024,98,1700,18.14,58.0,,,,0.0,
2024-04-07 18:00:00,221490,2024,98,1800,17.89,61.0,,,,0.0,
2024-04-07 19:00:00,221491,2024,98,1900,16.56,64.0,,,,0.0,
2024-04-07 20:00:00,221492,2024,98,2000,15.63,53.0,,,,0.0,
2024-04-07 21:00:00,221493,2024,98,2100,14.57,52.0,,,,0.0,
2024-04-07 22:00:00,221494,2024,98,2200,14.61,53.0,,,,0.0,
2024-04-07 23:00:00,221495,2024,98,2300,15.29,49.0,,,,0.0,
2024-04-08 00:00:00,221496,2024,99,0,15.82,55.0,,,,0.0,
2024-04-08 01:00:00,221497,2024,99,100,15.77,48.0,,,,0.0,
2024-04-08 02:00:00,221498,2024,99,200,15.52,51.0,,,,0.0,
2024-04-08 03:00:00,221499,2024,99,300,15.41,59.0,,,,0.0,
2024-04-08 04:00:00,221500,2024,99,400,15.89,64.0,,,,0.0,
2024-04-08 05:00:00,221501,2024,99,500,14.96,60.0,,,,0.0,
2024-04-08 06:00:00,221502,2024,99,600,15.62,58.0,,,,0.0,
2024-04-08 07:00:00,221503,2024,99,700,15.88,57.0,,,,0.0,
2024-04-08 08:00:00,221504,2024,99,800,16.28,41.0,,,,0.0,
2024-04-08 09:00:00,221505,2024,99,900,18.17,41.0,,,,0.0,
2024-04-08 10:00:00,221506,2024,99,1000,19.48,44.0,,,,0.0,
2024-04-08 11:00:00,221507,2024,99,1100,19.26,47.0,,,,0.0,
2024-04-08 12:00:00,221508,2024,99,1200,22.75,47.0,,,,0.0,
2024-04-08 13:00:00,221509,2024,99,1300,22.87,48.0,,,,0.0,
2024-04-08 14:00:00,221510,2024,99,1400,22.12,48.0,,,,0.0,
2024-04-08 15:00:00,221511,2024,99,1500,22.41,51.0,,,,0.0,
2024-04-08 16:00:00,221512,2024,99,1600,21.25,54.0,,,,0.0,
2024-04-08 17:00:00,221513,2024,99,1700,20.19,61.0,,,,0.0,
2024-04-08 18:00:00,221514,2024,99,1800,19.44,66.0,,,,0.0,
2024-04-08 19:00:00,221515,2024,99,1900,18.49,68.0,,,,0.0,
2024-04-08 20:00:00,221516,2024,99,2000,17.03,70.0,,,,0.0,
2024-04-08 21:00:00,221517,2024,99,2100,15.7,66.0,,,,0.0,
2024-04-08 22:00:00,221518,2024,99,2200,12.19,64.0,,,,0.0,
2024-04-08 23:00:00,221519,2024,99,2300,10.26,71.0,,,,0.0,
2024-04-09 00:00:00,221520,2024,100,0,9.61,81.0,,,,0.0,
2024-04-09 01:00:00,221521,2024,100,100,8.42,85.0,,,,0.0,
2024-04-09 02:00:00,221522,2024,100,200,7.69,81.0,,,,0.0,
2024-04-09 03:00:00,221523,2024,100,300,5.9,84.0,,,,0.0,
2024-04-09 04:00:00,221524,2024,100,400,4.48,84.0,,,,0.0,
2024-04-09 05:00:00,221525,2024,100,500,3.78,86.0,,,,0.0,
2024-04-09 06:00:00,221526,2024,100,600,3.2,82.0,,,,0.0,
2024-04-09 07:00:00,221527,2024,100,700,2.7,76.0,,,,0.0,
2024-04-09 08:00:00,221528,2024,100,800,3.56,65.0,,,,0.0,
2024-04-09 09:00:00,221529,2024,100,900,5.37,59.0,,,,0.0,
2024-04-09 10:00:00,221530,2024,100,1000,8.05,55.0,,,,0.0,
2024-04-09 11:00:00,221531,2024,100,1100,10.46,49.0,,,,0.0,
2024-04-09 12:00:00,221532,2024,100,1200,12.49,45.0,,,,0.0,
2024-04-09 13:00:00,221533,2024,100,1300,13.06,42.0,,,,0.0,
2024-04-09 14:00:00,221534,2024,100,1400,13.81,40.0,,,,0.0,
2024-04-09 15:00:00,221535,2024,100,1500,13.45,39.0,,,,0.0,
2024-04-09 16:00:00,221536,2024,100,1600,12.32,43.0,,,,0.0,
2024-04-09 17:00:00,221537,2024,100,1700,12.24,50.0,,,,0.0,
2024-04-09 18:00:00,221538,2024,100,1800,10.94,56.0,,,,0.0,
2024-04-09 19:00:00,221539,2024,100,1900,9.28,58.0,,,,0.0,
2024-04-09 20:00:00,221540,2024,100,2000,8.29,64.0,,,,0.0,
2024-04-09 21:00:00,221541,2024,100,2100,6.99,66.0,,,,0.0,
2024-04-09 22:00:00,221542,2024,100,2200,5.99,70.0,,,,0.0,
2024-04-09 23:00:00,221543,2024,100,2300,5.13,77.0,,,,0.0,
2024-04-10 00:00:00,221544,2024,101,0,4.41,91.0,,,,0.0,
2024-04-10 01:00:00,221545,2024,101,100,3.88,89.0,,,,0.0,
2024-04-10 02:00:00,221546,2024,101,200,3.97,86.0,,,,0.0,
2024-04-10 03:00:00,221547,2024,101,300,3.59,87.0,,,,0.0,
2024-04-10 04:00:00,221548,2024,101,400,3.21,93.0,,,,0.0,
2024-04-10 05:00:00,221549,2024,101,500,2.88,97.0,,,,0.0,
2024-04-10 06:00:00,221550,2024,101,600,2.5,97.0,,,,0.0,
2024-04-10 07:00:00,221551,2024,101,700,2.18,87.0,,,,0.0,
2024-04-10 08:00:00,221552,2024,101,800,2.56,73.0,,,,0.0,
2024-04-10 09:00:00,221553,2024,101,900,3.8,65.0,,,,0.0,
2024-04-10 10:00:00,221554,2024,101,1000,9.05,53.0,,,,0.0,
2024-04-10 11:00:00,221555,2024,101,1100,10.89,48.0,,,,0.0,
2024-04-10 12:00:00,221556,2024,101,1200,12.27,44.0,,,,0.0,
2024-04-10 13:00:00,221557,2024,101,1300,13.78,41.0,,,,0.0,
2024-04-10 14:00:00,221558,2024,101,1400,14.02,36.0,,,,0.0,
2024-04-10 15:00:00,221559,2024,101,1500,16.21,35.0,,,,0.0,
2024-04-10 16:00:00,221560,2024,101,1600,14.52,38.0,,,,0.0,
2024-04-10 17:00:00,221561,2024,101,1700,14.47,40.0,,,,0.0,
2024-04-10 18:00:00,221562,2024,101,1800,13.58,42.0,,,,0.0,
2024-04-10 19:00:00,221563,2024,101,1900,12.7,48.0,,,,0.0,
2024-04-10 20:00:00,221564,2024,101,2000,11.73,55.0,,,,0.0,
2024-04-10 21:00:00,221565,2024,101,2100,10.82,59.0,,,,0.0,
2024-04-10 22:00:00,221566,2024,101,2200,9.99,65.0,,,,0.0,
2024-04-10 23:00:00,221567,2024,101,2300,8.94,84.0,,,,0.0,
2024-04-11 00:00:00,221568,2024,102,0,8.05,95.0,,,,0.0,
2024-04-11 01:00:00,221569,2024,102,100,8.88,100.0,,,,0.0,
2024-04-11 02:00:00,221570,2024,102,200,8.47,100.0,,,,0.0,
2024-04-11 03:00:00,221571,2024,102,300,8.25,100.0,,,,0.0,
2024-04-11 04:00:00,221572,2024,102,400,6.38,100.0,,,,0.0,
2024-04-11 05:00:00,221573,2024,102,500,7.07,100.0,,,,0.0,
2024-04-11 06:00:00,221574,2024,102,600,6.53,96.0,,,,0.0,
2024-04-11 07:00:00,221575,2024,102,700,6.21,68.0,,,,0.0,
2024-04-11 08:00:00,221576,2024,102,800,9.07,39.0,,,,0.0,
2024-04-11 09:00:00,221577,2024,102,900,13.47,40.0,,,,0.0,
2024-04-11 10:00:00,221578,2024,102,1000,14.09,36.0,,,,0.0,
2024-04-11 11:00:00,221579,2024,102,1100,16.7,36.0,,,,0.0,
2024-04-11 12:00:00,221580,2024,102,1200,16.33,32.0,,,,0.0,
2024-04-11 13:00:00,221581,2024,102,1300,18.79,31.0,,,,0.0,
2024-04-11 14:00:00,221582,2024,102,1400,17.88,38.0,,,,0.0,
2024-04-11 15:00:00,221583,2024,102,1500,19.83,40.0,,,,0.0,
2024-04-11 16:00:00,221584,2024,102,1600,18.28,40.0,,,,0.0,
2024-04-11 17:00:00,221585,2024,102,1700,17.35,38.0,,,,0.0,
2024-04-11 18:00:00,221586,2024,102,1800,15.71,50.0,,,,0.0,
2024-04-11 19:00:00,221587,2024,102,1900,14.27,75.0,,,,0.0,
2024-04-11 20:00:00,221588,2024,102,2000,12.92,88.0,,,,0.0,
2024-04-11 21:00:00,221589,2024,102,2100,11.67,99.0,,,,0.0,
2024-04-11 22:00:00,221590,2024,102,2200,11.73,100.0,,,,0.0,
2024-04-11 23:00:00,221591,2024,102,2300,12.03,100.0,,,,0.0,
2024-04-12 00:00:00,221592,2024,103,0,11.78,100.0,,,,0.0,
2024-04-12 01:00:00,221593,2024,103,100,11.48,100.0,,,,0.0,
2024-04-12 02:00:00,221594,2024,103,200,11.78,100.0,,,,0.0,
2024-04-12 03:00:00,221595,2024,103,300,11.71,100.0,,,,0.0,
2024-04-12 04:00:00,221596,2024,103,400,11.72,100.0,,,,0.0,
2024-04-12 05:00:00,221597,2024,103,500,11.42,100.0,,,,0.0,
2024-04-12 06:00:00,221598,2024,103,600,11.3,100.0,,,,0.0,
2024-04-12 07:00:00,221599,2024,103,700,9.61,75.0,,,,0.0,
2024-04-12 08:00:00,221600,2024,103,800,10.75,43.0,,,,0.0,
2024-04-12 09:00:00,221601,2024,103,900,17.13,35.0,,,,0.0,
2024-04-12 10:00:00,221602,2024,103,1000,19.75,33.0,,,,0.0,
2024-04-12 11:00:00,221603,2024,103,1100,21.88,37.0,,,,0.0,
2024-04-12 12:00:00,221604,2024,103,1200,22.29,34.0,,,,0.0,
2024-04-12 13:00:00,221605,2024,103,1300,22.93,31.0,,,,0.0,
2024-04-12 14:00:00,221606,2024,103,1400,21.79,29.0,,,,0.0,
2024-04-12 15:00:00,221607,2024,103,1500,22.67,34.0,,,,0.0,
2024-04-12 16:00:00,221608,2024,103,1600,22.11,33.0,,,,0.0,
2024-04-12 17:00:00,221609,2024,103,1700,20.72,35.0,,,,0.0,
2024-04-12 18:00:00,221610,2024,103,1800,19.68,45.0,,,,0.0,
2024-04-12 19:00:00,221611,2024,103,1900,17.6,66.0,,,,0.0,
2024-04-12 20:00:00,221612,2024,103,2000,16.13,75.0,,,,0.0,
2024-04-12 21:00:00,221613,2024,103,2100,15.67,82.0,,,,0.0,
2024-04-12 22:00:00,221614,2024,103,2200,14.38,85.0,,,,0.0,
2024-04-12 23:00:00,221615,2024,103,2300,14.14,88.0,,,,0.0,
2024-04-13 00:00:00,221616,2024,104,0,14.28,94.0,,,,0.0,
2024-04-13 01:00:00,221617,2024,104,100,14.71,99.0,,,,0.0,
2024-04-13 02:00:00,221618,2024,104,200,14.74,100.0,,,,0.0,
2024-04-13 03:00:00,221619,2024,104,300,14.58,100.0,,,,0.0,
2024-04-13 04:00:00,221620,2024,104,400,14.09,100.0,,,,0.0,
2024-04-13 05:00:00,221621,2024,104,500,13.94,100.0,,,,0.0,
2024-04-13 06:00:00,221622,2024,104,600,13.95,91.0,,,,0.0,
2024-04-13 07:00:00,221623,2024,104,700,13.76,58.0,,,,0.0,
2024-04-13 08:00:00,221624,2024,104,800,15.93,33.0,,,,0.0,
2024-04-13 09:00:00,221625,2024,104,900,21.37,29.0,,,,0.0,
2024-04-13 10:00:00,221626,2024,104,1000,23.32,23.0,,,,0.0,
2024-04-13 11:00:00,221627,2024,104,1100,24.71,24.0,,,,0.0,
2024-04-13 12:00:00,221628,2024,104,1200,26.39,25.0,,,,0.0,
2024-04-13 13:00:00,221629,2024,104,1300,26.25,28.0,,,,0.0,
2024-04-13 14:00:00,221630,2024,104,1400,26.56,27.0,,,,0.0,
2024-04-13 15:00:00,221631,2024,104,1500,25.85,28.0,,,,0.0,
2024-04-13 16:00:00,221632,2024,104,1600,24.81,29.0,,,,0.0,
2024-04-13 17:00:00,221633,2024,104,1700,23.59,34.0,,,,0.0,
2024-04-13 18:00:00,221634,2024,104,1800,21.93,41.0,,,,0.0,
2024-04-13 19:00:00,221635,2024,104,1900,19.71,57.0,,,,0.0,
2024-04-13 20:00:00,221636,2024,104,2000,18.03,66.0,,,,0.0,
2024-04-13 21:00:00,221637,2024,104,2100,17.12,64.0,,,,0.0,
2024-04-13 22:00:00,221638,2024,104,2200,17.44,71.0,,,,0.0,
2024-04-13 23:00:00,221639,2024,104,2300,17.06,74.0,,,,0.0,
2024-04-14 00:00:00,221640,2024,105,0,16.74,76.0,,,,0.0,
2024-04-14 01:00:00,221641,2024,105,100,17.26,75.0,,,,0.0,
2024-04-14 02:00:00,221642,2024,105,200,17.35,76.0,,,,0.0,
2024-04-14 03:00:00,221643,2024,105,300,17.09,80.0,,,,0.0,
2024-04-14 04:00:00,221644,2024,105,400,16.89,85.0,,,,0.0,
2024-04-14 05:00:00,221645,2024,105,500,16.81,92.0,,,,0.0,
2024-04-14 06:00:00,221646,2024,105,600,14.79,77.0,,,,0.0,
2024-04-14 07:00:00,221647,2024,105,700,14.46,47.0,,,,0.0,
2024-04-14 08:00:00,221648,2024,105,800,17.03,28.0,,,,0.0,
2024-04-14 09:00:00,221649,2024,105,900,23.76,28.0,,,,0.0,
2024-04-14 10:00:00,221650,2024,105,1000,24.95,27.0,,,,0.0,
2024-04-14 11:00:00,221651,2024,105,1100,25.01,30.0,,,,0.0,
2024-04-14 12:00:00,221652,2024,105,1200,25.61,29.0,,,,0.0,
2024-04-14 13:00:00,221653,2024,105,1300,25.71,29.0,,,,0.0,
2024-04-14 14:00:00,221654,2024,105,1400,26.33,28.0,,,,0.0,
2024-04-14 15:00:00,221655,2024,105,1500,26.68,28.0,,,,0.0,
2024-04-14 16:00:00,221656,2024,105,1600,25.25,29.0,,,,0.0,
2024-04-14 17:00:00,221657,2024,105,1700,23.83,32.0,,,,0.0,
2024-04-14 18:00:00,221658,2024,105,1800,21.5,37.0,,,,0.0,
2024-04-14 19:00:00,221659,2024,105,1900,19.35,39.0,,,,0.0,
2024-04-14 20:00:00,221660,2024,105,2000,17.57,36.0,,,,0.0,
2024-04-14 21:00:00,221661,2024,105,2100,16.27,38.0,,,,0.0,
2024-04-14 22:00:00,221662,2024,105,2200,15.83,51.0,,,,0.0,
2024-04-14 23:00:00,221663,2024,105,2300,16.11,62.0,,,,0.0,
2024-04-15 00:00:00,221664,2024,106,0,17.03,57.0,,,,0.0,
2024-04-15 01:00:00,221665,2024,106,100,17.38,61.0,,,,0.0,
2024-04-15 02:00:00,221666,2024,106,200,16.79,66.0,,,,0.0,
2024-04-15 03:00:00,221667,2024,106,300,17.33,74.0,,,,0.0,
2024-04-15 04:00:00,221668,2024,106,400,15.37,77.0,,,,0.0,
2024-04-15 05:00:00,221669,2024,106,500,14.12,83.0,,,,0.0,
2024-04-15 06:00:00,221670,2024,106,600,15.5,78.0,,,,0.0,
2024-04-15 07:00:00,221671,2024,106,700,15.2,63.0,,,,0.0,
2024-04-15 08:00:00,221672,2024,106,800,15.52,38.0,,,,0.0,
2024-04-15 09:00:00,221673,2024,106,900,17.92,32.0,,,,0.0,
2024-04-15 10:00:00,221674,2024,106,1000,19.14,38.0,,,,0.0,
2024-04-15 11:00:00,221675,2024,106,1100,21.48,38.0,,,,0.0,
2024-04-15 12:00:00,221676,2024,106,1200,21.81,41.0,,,,0.0,
2024-04-15 13:00:00,221677,2024,106,1300,21.71,38.0,,,,0.0,
2024-04-15 14:00:00,221678,2024,106,1400,23.06,38.0,,,,0.0,
2024-04-15 15:00:00,221679,2024,106,1500,24.02,36.0,,,,0.0,
2024-04-15 16:00:00,221680,2024,106,1600,23.2,41.0,,,,0.0,
2024-04-15 17:00:00,221681,2024,106,1700,22.47,46.0,,,,0.0,
2024-04-15 18:00:00,221682,2024,106,1800,21.35,49.0,,,,0.0,
2024-04-15 19:00:00,221683,2024,106,1900,20.24,58.0,,,,0.0,
2024-04-15 20:00:00,221684,2024,106,2000,18.67,64.0,,,,0.0,
2024-04-15 21:00:00,221685,2024,106,2100,16.73,66.0,,,,0.0,
2024-04-15 22:00:00,221686,2024,106,2200,14.97,61.0,,,,0.0,
2024-04-15 23:00:00,221687,2024,106,2300,14.32,65.0,,,,0.0,
2024-04-16 00:00:00,221688,2024,107,0,12.45,64.0,,,,0.0,
2024-04-16 01:00:00,221689,2024,107,100,10.33,66.0,,,,0.0,
2024-04-16 02:00:00,221690,2024,107,200,9.04,76.0,,,,0.0,
2024-04-16 03:00:00,221691,2024,107,300,8.15,85.0,,,,0.0,
2024-04-16 04:00:00,221692,2024,107,400,6.91,89.0,,,,0.0,
2024-04-16 05:00:00,221693,2024,107,500,5.93,93.0,,,,0.0,
2024-04-16 06:00:00,221694,2024,107,600,5.38,90.0,,,,0.0,
2024-04-16 07:00:00,221695,2024,107,700,5.02,79.0,,,,0.0,
2024-04-16 08:00:00,221696,2024,107,800,7.01,70.0,,,,0.0,
2024-04-16 09:00:00,221697,2024,107,900,9.55,64.0,,,,0.0,
2024-04-16 10:00:00,221698,2024,107,1000,11.93,58.0,,,,0.0,
2024-04-16 11:00:00,221699,2024,107,1100,14.98,52.0,,,,0.0,
2024-04-16 12:00:00,221700,2024,107,1200,15.28,50.0,,,,0.0,
2024-04-16 13:00:00,221701,2024,107,1300,16.8,48.0,,,,0.0,
2024-04-16 14:00:00,221702,2024,107,1400,17.04,46.0,,,,0.0,
2024-04-16 15:00:00,221703,2024,107,1500,18.51,44.0,,,,0.0,
2024-04-16 16:00:00,221704,2024,107,1600,17.03,43.0,,,,0.0,
2024-04-16 17:00:00,221705,2024,107,1700,16.34,46.0,,,,0.0,
2024-04-16 18:00:00,221706,2024,107,1800,14.69,52.0,,,,0.0,
2024-04-16 19:00:00,221707,2024,107,1900,12.92,57.0,,,,0.0,
2024-04-16 20:00:00,221708,2024,107,2000,11.1,61.0,,,,0.0,
2024-04-16 21:00:00,221709,2024,107,2100,9.05,66.0,,,,0.0,
2024-04-16 22:00:00,221710,2024,107,2200,7.79,71.0,,,,0.0,
2024-04-16 23:00:00,221711,2024,107,2300,6.49,75.0,,,,0.0,
2024-04-17 00:00:00,221712,2024,108,0,5.57,80.0,,,,0.0,
2024-04-17 01:00:00,221713,2024,108,100,4.93,85.0,,,,0.0,
2024-04-17 02:00:00,221714,2024,108,200,4.5,88.0,,,,0.0,
2024-04-17 03:00:00,221715,2024,108,300,4.08,95.0,,,,0.0,
2024-04-17 04:00:00,221716,2024,108,400,3.59,97.0,,,,0.0,
2024-04-17 05:00:00,221717,2024,108,500,3.29,99.0,,,,0.0,
2024-04-17 06:00:00,221718,2024,108,600,3.43,96.0,,,,0.0,
2024-04-17 07:00:00,221719,2024,108,700,3.37,87.0,,,,0.0,
2024-04-17 08:00:00,221720,2024,108,800,4.82,77.0,,,,0.0,
2024-04-17 09:00:00,221721,2024,108,900,6.94,65.0,,,,0.0,
2024-04-17 10:00:00,221722,2024,108,1000,10.54,58.0,,,,0.0,
2024-04-17 11:00:00,221723,2024,108,1100,12.64,54.0,,,,0.0,
2024-04-17 12:00:00,221724,2024,108,1200,14.27,47.0,,,,0.0,
2024-04-17 13:00:00,221725,2024,108,1300,15.41,44.0,,,,0.0,
2024-04-17 14:00:00,221726,2024,108,1400,16.1,43.0,,,,0.0,
2024-04-17 15:00:00,221727,2024,108,1500,17.06,39.0,,,,0.0,
2024-04-17 16:00:00,221728,2024,108,1600,15.94,39.0,,,,0.0,
2024-04-17 17:00:00,221729,2024,108,1700,15.32,43.0,,,,0.0,
2024-04-17 18:00:00,221730,2024,108,1800,14.6,48.0,,,,0.0,
2024-04-17 19:00:00,221731,2024,108,1900,13.09,56.0,,,,0.0,
2024-04-17 20:00:00,221732,2024,108,2000,11.9,62.0,,,,0.0,
2024-04-17 21:00:00,221733,2024,108,2100,10.25,66.0,,,,0.0,
2024-04-17 22:00:00,221734,2024,108,2200,8.52,72.0,,,,0.0,
2024-04-17 23:00:00,221735,2024,108,2300,6.97,75.0,,,,0.0,
2024-04-18 00:00:00,221736,2024,109,0,6.1,75.0,,,,0.0,
2024-04-18 01:00:00,221737,2024,109,100,5.48,78.0,,,,0.0,
2024-04-18 02:00:00,221738,2024,109,200,4.42,85.0,,,,0.0,
2024-04-18 03:00:00,221739,2024,109,300,3.89,87.0,,,,0.0,
2024-04-18 04:00:00,221740,2024,109,400,3.21,93.0,,,,0.0,
2024-04-18 05:00:00,221741,2024,109,500,3.29,98.0,,,,0.0,
2024-04-18 06:00:00,221742,2024,109,600,2.18,91.0,,,,0.0,
2024-04-18 07:00:00,221743,2024,109,700,2.13,79.0,,,,0.0,
2024-04-18 08:00:00,221744,2024,109,800,4.21,67.0,,,,0.0,
2024-04-18 09:00:00,221745,2024,109,900,7.55,60.0,,,,0.0,
2024-04-18 10:00:00,221746,2024,109,1000,10.95,54.0,,,,0.0,
2024-04-18 11:00:00,221747,2024,109,1100,13.37,48.0,,,,0.0,
2024-04-18 12:00:00,221748,2024,109,1200,14.25,45.0,,,,0.0,
2024-04-18 13:00:00,221749,2024,109,1300,15.31,38.0,,,,0.0,
2024-04-18 14:00:00,221750,2024,109,1400,15.99,34.0,,,,0.0,
2024-04-18 15:00:00,221751,2024,109,1500,16.25,31.0,,,,0.0,
2024-04-18 16:00:00,221752,2024,109,1600,15.16,34.0,,,,0.0,
2024-04-18 17:00:00,221753,2024,109,1700,14.63,37.0,,,,0.0,
2024-04-18 18:00:00,221754,2024,109,1800,14.26,39.0,,,,0.0,
2024-04-18 19:00:00,221755,2024,109,1900,13.17,85.0,,,,0.0,
2024-04-18 20:00:00,221756,2024,109,2000,11.65,100.0,,,,0.0,
2024-04-18 21:00:00,221757,2024,109,2100,9.63,100.0,,,,0.0,
2024-04-18 22:00:00,221758,2024,109,2200,7.37,100.0,,,,0.0,
2024-04-18 23:00:00,221759,2024,109,2300,6.67,100.0,,,,0.0,
2024-04-19 00:00:00,221760,2024,110,0,6.19,92.0,,,,0.0,
2024-04-19 01:00:00,221761,2024,110,100,5.46,100.0,,,,0.0,
2024-04-19 02:00:00,221762,2024,110,200,4.79,100.0,,,,0.0,
2024-04-19 03:00:00,221763,2024,110,300,4.75,100.0,,,,0.0,
2024-04-19 04:00:00,221764,2024,110,400,4.19,100.0,,,,0.0,
2024-04-19 05:00:00,221765,2024,110,500,4.02,100.0,,,,0.0,
2024-04-19 06:00:00,221766,2024,110,600,3.27,98.0,,,,0.0,
2024-04-19 07:00:00,221767,2024,110,700,3.37,77.0,,,,0.0,
2024-04-19 08:00:00,221768,2024,110,800,7.95,69.0,,,,0.0,
2024-04-19 09:00:00,221769,2024,110,900,11.5,66.0,,,,0.0,
2024-04-19 10:00:00,221770,2024,110,1000,13.62,53.0,,,,0.0,
2024-04-19 11:00:00,221771,2024,110,1100,13.86,46.0,,,,0.0,
2024-04-19 12:00:00,221772,2024,110,1200,15.99,46.0,,,,0.0,
2024-04-19 13:00:00,221773,2024,110,1300,17.95,46.0,,,,0.0,
2024-04-19 14:00:00,221774,2024,110,1400,16.39,55.0,,,,0.0,
2024-04-19 15:00:00,221775,2024,110,1500,17.44,56.0,,,,0.0,
2024-04-19 16:00:00,221776,2024,110,1600,15.67,54.0,,,,0.0,
2024-04-19 17:00:00,221777,2024,110,1700,14.24,59.0,,,,0.0,
2024-04-19 18:00:00,221778,2024,110,1800,12.86,66.0,,,,0.0,
2024-04-19 19:00:00,221779,2024,110,1900,12.17,85.0,,,,0.0,
2024-04-19 20:00:00,221780,2024,110,2000,10.98,100.0,,,,0.0,
2024-04-19 21:00:00,221781,2024,110,2100,9.2,100.0,,,,0.0,
2024-04-19 22:00:00,221782,2024,110,2200,9.03,100.0,,,,0.0,
2024-04-19 23:00:00,221783,2024,110,2300,8.94,100.0,,,,0.0,
2024-04-20 00:00:00,221784,2024,111,0,9.28,100.0,,,,0.0,
2024-04-20 01:00:00,221785,2024,111,100,9.05,100.0,,,,0.0,
2024-04-20 02:00:00,221786,2024,111,200,8.8,100.0,,,,0.0,
2024-04-20 03:00:00,221787,2024,111,300,9.01,100.0,,,,0.0,
2024-04-20 04:00:00,221788,2024,111,400,8.06,100.0,,,,0.0,
2024-04-20 05:00:00,221789,2024,111,500,8.8,100.0,,,,0.0,
2024-04-20 06:00:00,221790,2024,111,600,8.13,100.0,,,,0.0,
2024-04-20 07:00:00,221791,2024,111,700,8.16,64.0,,,,0.0,
2024-04-20 08:00:00,221792,2024,111,800,12.37,47.0,,,,0.0,
2024-04-20 09:00:00,221793,2024,111,900,16.24,44.0,,,,0.0,
2024-04-20 10:00:00,221794,2024,111,1000,17.86,40.0,,,,0.0,
2024-04-20 11:00:00,221795,2024,111,1100,18.53,33.0,,,,0.0,
2024-04-20 12:00:00,221796,2024,111,1200,19.76,30.0,,,,0.0,
2024-04-20 13:00:00,221797,2024,111,1300,21.31,31.0,,,,0.0,
2024-04-20 14:00:00,221798,2024,111,1400,22.11,48.0,,,,0.0,
2024-04-20 15:00:00,221799,2024,111,1500,21.47,49.0,,,,0.0,
2024-04-20 16:00:00,221800,2024,111,1600,19.66,53.0,,,,0.0,
2024-04-20 17:00:00,221801,2024,111,1700,17.29,60.0,,,,0.0,
2024-04-20 18:00:00,221802,2024,111,1800,15.26,71.0,,,,0.0,
2024-04-20 19:00:00,221803,2024,111,1900,13.76,83.0,,,,0.0,
2024-04-20 20:00:00,221804,2024,111,2000,12.13,86.0,,,,0.0,
2024-04-20 21:00:00,221805,2024,111,2100,10.51,75.0,,,,0.0,
2024-04-20 22:00:00,221806,2024,111,2200,9.93,63.0,,,,0.0,
2024-04-20 23:00:00,221807,2024,111,2300,9.09,74.0,,,,0.0,
2024-04-21 00:00:00,221808,2024,112,0,10.09,79.0,,,,0.0,
2024-04-21 01:00:00,221809,2024,112,100,8.97,91.0,,,,0.0,
2024-04-21 02:00:00,221810,2024,112,200,9.43,92.0,,,,0.0,
2024-04-21 03:00:00,221811,2024,112,300,8.77,100.0,,,,0.0,
2024-04-21 04:00:00,221812,2024,112,400,7.39,100.0,,,,0.0,
2024-04-21 05:00:00,221813,2024,112,500,6.55,100.0,,,,0.0,
2024-04-21 06:00:00,221814,2024,112,600,6.22,91.0,,,,0.0,
2024-04-21 07:00:00,221815,2024,112,700,6.22,77.0,,,,0.0,
2024-04-21 08:00:00,221816,2024,112,800,8.62,64.0,,,,0.0,
2024-04-21 09:00:00,221817,2024,112,900,11.99,58.0,,,,0.0,
2024-04-21 10:00:00,221818,2024,112,1000,15.33,53.0,,,,0.0,
2024-04-21 11:00:00,221819,2024,112,1100,15.32,47.0,,,,0.0,
2024-04-21 12:00:00,221820,2024,112,1200,16.89,41.0,,,,0.0,
2024-04-21 13:00:00,221821,2024,112,1300,17.83,36.0,,,,0.0,
2024-04-21 14:00:00,221822,2024,112,1400,19.81,57.0,,,,0.0,
2024-04-21 15:00:00,221823,2024,112,1500,20.06,60.0,,,,0.0,
2024-04-21 16:00:00,221824,2024,112,1600,17.62,68.0,,,,0.0,
2024-04-21 17:00:00,221825,2024,112,1700,16.56,81.0,,,,0.0,
2024-04-21 18:00:00,221826,2024,112,1800,14.04,97.0,,,,0.0,
2024-04-21 19:00:00,221827,2024,112,1900,12.12,100.0,,,,0.0,
2024-04-21 20:00:00,221828,2024,112,2000,10.76,100.0,,,,0.0,
2024-04-21 21:00:00,221829,2024,112,2100,8.92,100.0,,,,0.0,
2024-04-21 22:00:00,221830,2024,112,2200,8.47,100.0,,,,0.0,
2024-04-21 23:00:00,221831,2024,112,2300,8.36,100.0,,,,0.0,
2024-04-22 00:00:00,221832,2024,113,0,7.85,75.0,,,,0.0,
2024-04-22 01:00:00,221833,2024,113,100,7.77,78.0,,,,0.0,
2024-04-22 02:00:00,221834,2024,113,200,7.26,82.0,,,,0.0,
2024-04-22 03:00:00,221835,2024,113,300,6.59,86.0,,,,0.0,
2024-04-22 04:00:00,221836,2024,113,400,5.8,88.0,,,,0.0,
2024-04-22 05:00:00,221837,2024,113,500,5.69,94.0,,,,0.0,
2024-04-22 06:00:00,221838,2024,113,600,5.47,95.0,,,,0.0,
2024-04-22 07:00:00,221839,2024,113,700,3.45,84.0,,,,0.0,
2024-04-22 08:00:00,221840,2024,113,800,4.61,79.0,,,,0.0,
2024-04-22 09:00:00,221841,2024,113,900,4.64,69.0,,,,0.0,
2024-04-22 10:00:00,221842,2024,113,1000,8.56,58.0,,,,0.0,
2024-04-22 11:00:00,221843,2024,113,1100,7.97,48.0,,,,0.0,
2024-04-22 12:00:00,221844,2024,113,1200,7.48,44.0,,,,0.0,
2024-04-22 13:00:00,221845,2024,113,1300,9.5,35.0,,,,0.0,
2024-04-22 14:00:00,221846,2024,113,1400,11.4,29.0,,,,0.0,
2024-04-22 15:00:00,221847,2024,113,1500,11.96,28.0,,,,0.0,
2024-04-22 16:00:00,221848,2024,113,1600,12.01,62.0,,,,0.0,
2024-04-22 17:00:00,221849,2024,113,1700,11.87,74.0,,,,0.0,
2024-04-22 18:00:00,221850,2024,113,1800,11.37,88.0,,,,0.0,
2024-04-22 19:00:00,221851,2024,113,1900,9.69,100.0,,,,0.0,
2024-04-22 20:00:00,221852,2024,113,2000,8.29,99.0,,,,0.0,
2024-04-22 21:00:00,221853,2024,113,2100,6.75,98.0,,,,0.0,
2024-04-22 22:00:00,221854,2024,113,2200,6.2,100.0,,,,0.0,
2024-04-22 23:00:00,221855,2024,113,2300,5.15,100.0,,,,0.0,
2024-04-23 00:00:00,221856,2024,114,0,3.88,90.0,,,,0.0,
2024-04-23 01:00:00,221857,2024,114,100,3.36,75.0,,,,0.0,
2024-04-23 02:00:00,221858,2024,114,200,4.11,88.0,,,,0.0,
2024-04-23 03:00:00,221859,2024,114,300,2.75,93.0,,,,0.0,
2024-04-23 04:00:00,221860,2024,114,400,1.1,97.0,,,,0.0,
2024-04-23 05:00:00,221861,2024,114,500,0.58,99.0,,,,0.0,
2024-04-23 06:00:00,221862,2024,114,600,0.56,86.0,,,,0.0,
2024-04-23 07:00:00,221863,2024,114,700,0.77,59.0,,,,0.0,
2024-04-23 08:00:00,221864,2024,114,800,4.46,52.0,,,,0.0,
2024-04-23 09:00:00,221865,2024,114,900,7.67,47.0,,,,0.0,
2024-04-23 10:00:00,221866,2024,114,1000,9.65,42.0,,,,0.0,
2024-04-23 11:00:00,221867,2024,114,1100,9.91,47.0,,,,0.0,
2024-04-23 12:00:00,221868,2024,114,1200,10.69,51.0,,,,0.0,
2024-04-23 13:00:00,221869,2024,114,1300,10.89,65.0,,,,0.0,
2024-04-23 14:00:00,221870,2024,114,1400,10.96,42.0,,,,0.0,
2024-04-23 15:00:00,221871,2024,114,1500,8.69,79.0,,,,0.0,
2024-04-23 16:00:00,221872,2024,114,1600,8.75,76.0,,,,0.0,
2024-04-23 17:00:00,221873,2024,114,1700,6.59,76.0,,,,0.0,
2024-04-23 18:00:00,221874,2024,114,1800,6.07,83.0,,,,0.0,
2024-04-23 19:00:00,221875,2024,114,1900,5.54,77.0,,,,0.0,
2024-04-23 20:00:00,221876,2024,114,2000,5.08,78.0,,,,0.0,
2024-04-23 21:00:00,221877,2024,114,2100,4.66,61.0,,,,0.0,
2024-04-23 22:00:00,221878,2024,114,2200,4.5,46.0,,,,0.0,
2024-04-23 23:00:00,221879,2024,114,2300,3.82,49.0,,,,0.0,
2024-04-24 00:00:00,221880,2024,115,0,3.43,57.0,,,,0.0,
2024-04-24 01:00:00,221881,2024,115,100,2.78,81.0,,,,0.0,
2024-04-24 02:00:00,221882,2024,115,200,2.77,85.0,,,,0.0,
2024-04-24 03:00:00,221883,2024,115,300,2.0,94.0,,,,0.0,
2024-04-24 04:00:00,221884,2024,115,400,0.91,94.0,,,,0.0,
2024-04-24 05:00:00,221885,2024,115,500,0.7,94.0,,,,0.0,
2024-04-24 06:00:00,221886,2024,115,600,0.57,81.0,,,,0.0,
2024-04-24 07:00:00,221887,2024,115,700,0.92,70.0,,,,0.0,
2024-04-24 08:00:00,221888,2024,115,800,3.14,62.0,,,,0.0,
2024-04-24 09:00:00,221889,2024,115,900,7.8,55.0,,,,0.0,
2024-04-24 10:00:00,221890,2024,115,1000,9.75,44.0,,,,0.0,
2024-04-24 11:00:00,221891,2024,115,1100,11.89,33.0,,,,0.0,
2024-04-24 12:00:00,221892,2024,115,1200,12.5,30.0,,,,0.0,
2024-04-24 13:00:00,221893,2024,115,1300,13.14,27.0,,,,0.0,
2024-04-24 14:00:00,221894,2024,115,1400,13.88,31.0,,,,0.0,
2024-04-24 15:00:00,221895,2024,115,1500,15.02,33.0,,,,0.0,
2024-04-24 16:00:00,221896,2024,115,1600,14.02,40.0,,,,0.0,
2024-04-24 17:00:00,221897,2024,115,1700,13.51,45.0,,,,0.0,
2024-04-24 18:00:00,221898,2024,115,1800,11.51,54.0,,,,0.0,
2024-04-24 19:00:00,221899,2024,115,1900,10.62,63.0,,,,0.0,
2024-04-24 20:00:00,221900,2024,115,2000,9.73,70.0,,,,0.0,
2024-04-24 21:00:00,221901,2024,115,2100,7.94,79.0,,,,0.0,
2024-04-24 22:00:00,221902,2024,115,2200,6.83,84.0,,,,0.0,
2024-04-24 23:00:00,221903,2024,115,2300,5.81,80.0,,,,0.0,
2024-04-25 00:00:00,221904,2024,116,0,6.07,80.0,,,,0.0,
2024-04-25 01:00:00,221905,2024,116,100,6.22,84.0,,,,0.0,
2024-04-25 02:00:00,221906,2024,116,200,6.08,76.0,,,,0.0,
2024-04-25 03:00:00,221907,2024,116,300,5.09,83.0,,,,0.0,
2024-04-25 04:00:00,221908,2024,116,400,4.51,85.0,,,,0.0,
2024-04-25 05:00:00,221909,2024,116,500,4.25,87.0,,,,0.0,
2024-04-25 06:00:00,221910,2024,116,600,3.31,76.0,,,,0.0,
2024-04-25 07:00:00,221911,2024,116,700,2.54,68.0,,,,0.0,
2024-04-25 08:00:00,221912,2024,116,800,5.3,59.0,,,,0.0,
2024-04-25 09:00:00,221913,2024,116,900,5.43,60.0,,,,0.0,
2024-04-25 10:00:00,221914,2024,116,1000,7.35,56.0,,,,0.0,
2024-04-25 11:00:00,221915,2024,116,1100,11.8,49.0,,,,0.0,
2024-04-25 12:00:00,221916,2024,116,1200,11.95,49.0,,,,0.0,
2024-04-25 13:00:00,221917,2024,116,1300,12.24,53.0,,,,0.0,
2024-04-25 14:00:00,221918,2024,116,1400,14.75,51.0,,,,0.0,
2024-04-25 15:00:00,221919,2024,116,1500,13.93,53.0,,,,0.0,
2024-04-25 16:00:00,221920,2024,116,1600,13.49,72.0,,,,0.0,
2024-04-25 17:00:00,221921,2024,116,1700,12.2,83.0,,,,0.0,
2024-04-25 18:00:00,221922,2024,116,1800,10.33,93.0,,,,0.0,
2024-04-25 19:00:00,221923,2024,116,1900,9.71,99.0,,,,0.0,
2024-04-25 20:00:00,221924,2024,116,2000,8.79,96.0,,,,0.0,
2024-04-25 21:00:00,221925,2024,116,2100,7.83,100.0,,,,0.0,
2024-04-25 22:00:00,221926,2024,116,2200,7.3,100.0,,,,0.0,
2024-04-25 23:00:00,221927,2024,116,2300,6.96,100.0,,,,2.0,
2024-04-26 00:00:00,221928,2024,117,0,6.79,100.0,,,,0.0,
2024-04-26 01:00:00,221929,2024,117,100,5.65,100.0,,,,0.0,
2024-04-26 02:00:00,221930,2024,117,200,5.53,100.0,,,,0.0,
2024-04-26 03:00:00,221931,2024,117,300,4.76,100.0,,,,0.0,
2024-04-26 04:00:00,221932,2024,117,400,4.44,100.0,,,,0.0,
2024-04-26 05:00:00,221933,2024,117,500,4.26,100.0,,,,0.0,
2024-04-26 06:00:00,221934,2024,117,600,4.07,100.0,,,,0.0,
2024-04-26 07:00:00,221935,2024,117,700,4.21,83.0,,,,0.0,
2024-04-26 08:00:00,221936,2024,117,800,7.55,67.0,,,,0.0,
2024-04-26 09:00:00,221937,2024,117,900,11.12,61.0,,,,0.0,
2024-04-26 10:00:00,221938,2024,117,1000,13.47,58.0,,,,0.0,
2024-04-26 11:00:00,221939,2024,117,1100,11.1,60.0,,,,0.0,
2024-04-26 12:00:00,221940,2024,117,1200,12.15,60.0,,,,0.0,
2024-04-26 13:00:00,221941,2024,117,1300,12.01,57.0,,,,0.0,
2024-04-26 14:00:00,221942,2024,117,1400,12.87,56.0,,,,0.0,
2024-04-26 15:00:00,221943,2024,117,1500,15.44,64.0,,,,0.0,
2024-04-26 16:00:00,221944,2024,117,1600,14.63,76.0,,,,0.0,
2024-04-26 17:00:00,221945,2024,117,1700,12.92,82.0,,,,0.0,
2024-04-26 18:00:00,221946,2024,117,1800,10.99,88.0,,,,0.0,
2024-04-26 19:00:00,221947,2024,117,1900,10.2,97.0,,,,0.0,
2024-04-26 20:00:00,221948,2024,117,2000,9.24,100.0,,,,0.0,
2024-04-26 21:00:00,221949,2024,117,2100,8.58,100.0,,,,0.0,
2024-04-26 22:00:00,221950,2024,117,2200,8.51,97.0,,,,0.0,
2024-04-26 23:00:00,221951,2024,117,2300,8.74,100.0,,,,0.0,
2024-04-27 00:00:00,221952,2024,118,0,8.61,100.0,,,,0.0,
2024-04-27 01:00:00,221953,2024,118,100,8.38,99.0,,,,0.0,
2024-04-27 02:00:00,221954,2024,118,200,8.72,100.0,,,,0.0,
2024-04-27 03:00:00,221955,2024,118,300,8.54,100.0,,,,0.0,
2024-04-27 04:00:00,221956,2024,118,400,8.52,100.0,,,,0.0,
2024-04-27 05:00:00,221957,2024,118,500,8.66,100.0,,,,0.0,
2024-04-27 06:00:00,221958,2024,118,600,8.56,100.0,,,,0.0,
2024-04-27 07:00:00,221959,2024,118,700,8.6,98.0,,,,0.0,
2024-04-27 08:00:00,221960,2024,118,800,8.64,92.0,,,,1.0,
2024-04-27 09:00:00,221961,2024,118,900,8.09,91.0,,,,0.0,
2024-04-27 10:00:00,221962,2024,118,1000,8.87,97.0,,,,0.0,
2024-04-27 11:00:00,221963,2024,118,1100,8.73,96.0,,,,0.0,
2024-04-27 12:00:00,221964,2024,118,1200,9.46,94.0,,,,2.0,
2024-04-27 13:00:00,221965,2024,118,1300,10.3,89.0,,,,1.0,
2024-04-27 14:00:00,221966,2024,118,1400,9.77,90.0,,,,1.0,
2024-04-27 15:00:00,221967,2024,118,1500,10.29,81.0,,,,0.0,
2024-04-27 16:00:00,221968,2024,118,1600,10.42,84.0,,,,0.0,
2024-04-27 17:00:00,221969,2024,118,1700,10.71,100.0,,,,0.0,
2024-04-27 18:00:00,221970,2024,118,1800,10.7,100.0,,,,0.0,
2024-04-27 19:00:00,221971,2024,118,1900,9.15,98.0,,,,1.0,
2024-04-27 20:00:00,221972,2024,118,2000,8.54,100.0,,,,0.0,
2024-04-27 21:00:00,221973,2024,118,2100,8.05,100.0,,,,1.0,
2024-04-27 22:00:00,221974,2024,118,2200,7.66,100.0,,,,0.0,
2024-04-27 23:00:00,221975,2024,118,2300,7.99,100.0,,,,0.0,
2024-04-28 00:00:00,221976,2024,119,0,8.9,100.0,,,,0.0,
2024-04-28 01:00:00,221977,2024,119,100,7.18,100.0,,,,0.0,
2024-04-28 02:00:00,221978,2024,119,200,7.8,100.0,,,,0.0,
2024-04-28 03:00:00,221979,2024,119,300,7.9,100.0,,,,0.0,
2024-04-28 04:00:00,221980,2024,119,400,7.77,100.0,,,,0.0,
2024-04-28 05:00:00,221981,2024,119,500,8.07,100.0,,,,0.0,
2024-04-28 06:00:00,221982,2024,119,600,7.7,100.0,,,,0.0,
2024-04-28 07:00:00,221983,2024,119,700,7.31,100.0,,,,0.0,
2024-04-28 08:00:00,221984,2024,119,800,7.59,89.0,,,,0.0,
2024-04-28 09:00:00,221985,2024,119,900,8.41,74.0,,,,0.0,
2024-04-28 10:00:00,221986,2024,119,1000,10.15,82.0,,,,0.0,
2024-04-28 11:00:00,221987,2024,119,1100,12.22,92.0,,,,0.0,
2024-04-28 12:00:00,221988,2024,119,1200,12.38,76.0,,,,0.0,
2024-04-28 13:00:00,221989,2024,119,1300,10.7,96.0,,,,7.0,
2024-04-28 14:00:00,221990,2024,119,1400,8.17,91.0,,,,1.0,
2024-04-28 15:00:00,221991,2024,119,1500,9.45,87.0,,,,2.0,
2024-04-28 16:00:00,221992,2024,119,1600,10.76,99.0,,,,0.0,
2024-04-28 17:00:00,221993,2024,119,1700,10.27,100.0,,,,0.0,
2024-04-28 18:00:00,221994,2024,119,1800,8.89,100.0,,,,1.0,
2024-04-28 19:00:00,221995,2024,119,1900,7.81,100.0,,,,3.0,
2024-04-28 20:00:00,221996,2024,119,2000,7.46,100.0,,,,2.0,
2024-04-28 21:00:00,221997,2024,119,2100,7.49,100.0,,,,0.0,
2024-04-28 22:00:00,221998,2024,119,2200,7.56,100.0,,,,0.0,
2024-04-28 23:00:00,221999,2024,119,2300,7.37,100.0,,,,0.0,
2024-04-29 00:00:00,222000,2024,120,0,7.56,100.0,,,,0.0,
2024-04-29 01:00:00,222001,2024,120,100,7.65,100.0,,,,0.0,
2024-04-29 02:00:00,222002,2024,120,200,7.68,100.0,,,,2.0,
2024-04-29 03:00:00,222003,2024,120,300,7.68,100.0,,,,2.0,
2024-04-29 04:00:00,222004,2024,120,400,7.38,100.0,,,,4.0,
2024-04-29 05:00:00,222005,2024,120,500,6.7,100.0,,,,2.0,
2024-04-29 06:00:00,222006,2024,120,600,6.89,100.0,,,,2.0,
2024-04-29 07:00:00,222007,2024,120,700,6.77,100.0,,,,1.0,
2024-04-29 08:00:00,222008,2024,120,800,6.83,100.0,,,,0.0,
2024-04-29 09:00:00,222009,2024,120,900,7.45,100.0,,,,0.0,
2024-04-29 10:00:00,222010,2024,120,1000,7.63,100.0,,,,2.0,
2024-04-29 11:00:00,222011,2024,120,1100,7.96,100.0,,,,1.0,
2024-04-29 12:00:00,222012,2024,120,1200,8.17,100.0,,,,2.0,
2024-04-29 13:00:00,222013,2024,120,1300,8.39,100.0,,,,1.0,
2024-04-29 14:00:00,222014,2024,120,1400,8.21,100.0,,,,4.0,
2024-04-29 15:00:00,222015,2024,120,1500,8.02,100.0,,,,3.0,
2024-04-29 16:00:00,222016,2024,120,1600,8.24,100.0,,,,4.0,
2024-04-29 17:00:00,222017,2024,120,1700,7.89,100.0,,,,3.0,
2024-04-29 18:00:00,222018,2024,120,1800,7.86,100.0,,,,1.0,
2024-04-29 19:00:00,222019,2024,120,1900,7.54,100.0,,,,3.0,
2024-04-29 20:00:00,222020,2024,120,2000,7.19,100.0,,,,3.0,
2024-04-29 21:00:00,222021,2024,120,2100,7.0,100.0,,,,3.0,
2024-04-29 22:00:00,222022,2024,120,2200,7.0,100.0,,,,1.0,
2024-04-29 23:00:00,222023,2024,120,2300,7.11,100.0,,,,1.0,
2024-04-30 00:00:00,222024,2024,121,0,7.34,100.0,,,,0.0,
2024-04-30 01:00:00,222025,2024,121,100,7.42,100.0,,,,0.0,
2024-04-30 02:00:00,222026,2024,121,200,7.41,100.0,,,,1.0,
2024-04-30 03:00:00,222027,2024,121,300,7.45,100.0,,,,2.0,
2024-04-30 04:00:00,222028,2024,121,400,7.48,100.0,,,,0.0,
2024-04-30 05:00:00,222029,2024,121,500,7.36,100.0,,,,1.0,
2024-04-30 06:00:00,222030,2024,121,600,7.44,100.0,,,,0.0,
2024-04-30 07:00:00,222031,2024,121,700,7.23,100.0,,,,0.0,
2024-04-30 08:00:00,222032,2024,121,800,7.29,100.0,,,,0.0,
2024-04-30 09:00:00,222033,2024,121,900,7.64,100.0,,,,1.0,
2024-04-30 10:00:00,222034,2024,121,1000,7.95,99.0,,,,0.0,
2024-04-30 11:00:00,222035,2024,121,1100,8.28,98.0,,,,0.0,
2024-04-30 12:00:00,222036,2024,121,1200,8.5,85.0,,,,0.0,
2024-04-30 13:00:00,222037,2024,121,1300,9.36,79.0,,,,0.0,
2024-04-30 14:00:00,222038,2024,121,1400,10.05,68.0,,,,0.0,
2024-04-30 15:00:00,222039,2024,121,1500,10.21,63.0,,,,0.0,
2024-04-30 16:00:00,222040,2024,121,1600,12.19,53.0,,,,0.0,
2024-04-30 17:00:00,222041,2024,121,1700,12.58,62.0,,,,0.0,
2024-04-30 18:00:00,222042,2024,121,1800,12.67,84.0,,,,0.0,
2024-04-30 19:00:00,222043,2024,121,1900,11.28,100.0,,,,0.0,
2024-04-30 20:00:00,222044,2024,121,2000,10.39,100.0,,,,0.0,
2024-04-30 21:00:00,222045,2024,121,2100,9.36,100.0,,,,0.0,
2024-04-30 22:00:00,222046,2024,121,2200,8.19,100.0,,,,0.0,
2024-04-30 23:00:00,222047,2024,121,2300,8.34,100.0,,,,0.0,
2024-05-01 00:00:00,222048,2024,122,0,8.05,100.0,,,,0.0,
2024-05-01 01:00:00,222049,2024,122,100,8.28,100.0,,,,0.0,
2024-05-01 02:00:00,222050,2024,122,200,8.46,100.0,,,,0.0,
2024-05-01 03:00:00,222051,2024,122,300,8.68,100.0,,,,0.0,
2024-05-01 04:00:00,222052,2024,122,400,8.67,100.0,,,,0.0,
2024-05-01 05:00:00,222053,2024,122,500,8.15,100.0,,,,0.0,
2024-05-01 06:00:00,222054,2024,122,600,7.61,94.0,,,,0.0,
2024-05-01 07:00:00,222055,2024,122,700,7.77,78.0,,,,0.0,
2024-05-01 08:00:00,222056,2024,122,800,10.43,96.0,,,,0.0,
2024-05-01 09:00:00,222057,2024,122,900,13.25,100.0,,,,0.0,
2024-05-01 10:00:00,222058,2024,122,1000,9.96,84.0,,,,0.0,
2024-05-01 11:00:00,222059,2024,122,1100,8.23,68.0,,,,0.0,
2024-05-01 12:00:00,222060,2024,122,1200,10.62,64.0,,,,0.0,
2024-05-01 13:00:00,222061,2024,122,1300,11.05,61.0,,,,0.0,
2024-05-01 14:00:00,222062,2024,122,1400,11.68,52.0,,,,0.0,
2024-05-01 15:00:00,222063,2024,122,1500,9.49,43.0,,,,0.0,
2024-05-01 16:00:00,222064,2024,122,1600,11.88,52.0,,,,0.0,
2024-05-01 17:00:00,222065,2024,122,1700,10.66,53.0,,,,0.0,
2024-05-01 18:00:00,222066,2024,122,1800,10.71,56.0,,,,0.0,
2024-05-01 19:00:00,222067,2024,122,1900,8.88,57.0,,,,0.0,
2024-05-01 20:00:00,222068,2024,122,2000,8.38,59.0,,,,0.0,
2024-05-01 21:00:00,222069,2024,122,2100,7.41,68.0,,,,0.0,
2024-05-01 22:00:00,222070,2024,122,2200,6.93,75.0,,,,0.0,
2024-05-01 23:00:00,222071,2024,122,2300,5.58,81.0,,,,0.0,
2024-05-02 00:00:00,222072,2024,123,0,4.95,87.0,,,,0.0,
2024-05-02 01:00:00,222073,2024,123,100,4.01,87.0,,,,0.0,
2024-05-02 02:00:00,222074,2024,123,200,3.05,89.0,,,,0.0,
2024-05-02 03:00:00,222075,2024,123,300,2.8,91.0,,,,0.0,
2024-05-02 04:00:00,222076,2024,123,400,2.48,92.0,,,,0.0,
2024-05-02 05:00:00,222077,2024,123,500,2.16,90.0,,,,0.0,
2024-05-02 06:00:00,222078,2024,123,600,2.03,86.0,,,,0.0,
2024-05-02 07:00:00,222079,2024,123,700,1.84,78.0,,,,0.0,
2024-05-02 08:00:00,222080,2024,123,800,3.83,67.0,,,,0.0,
2024-05-02 09:00:00,222081,2024,123,900,5.7,64.0,,,,0.0,
2024-05-02 10:00:00,222082,2024,123,1000,8.09,59.0,,,,0.0,
2024-05-02 11:00:00,222083,2024,123,1100,10.16,51.0,,,,0.0,
2024-05-02 12:00:00,222084,2024,123,1200,10.76,40.0,,,,0.0,
2024-05-02 13:00:00,222085,2024,123,1300,12.56,36.0,,,,0.0,
2024-05-02 14:00:00,222086,2024,123,1400,13.18,36.0,,,,0.0,
2024-05-02 15:00:00,222087,2024,123,1500,13.67,32.0,,,,0.0,
2024-05-02 16:00:00,222088,2024,123,1600,13.18,35.0,,,,0.0,
2024-05-02 17:00:00,222089,2024,123,1700,12.61,36.0,,,,0.0,
2024-05-02 18:00:00,222090,2024,123,1800,11.48,42.0,,,,0.0,
2024-05-02 19:00:00,222091,2024,123,1900,10.65,53.0,,,,0.0,
2024-05-02 20:00:00,222092,2024,123,2000,9.5,69.0,,,,0.0,
2024-05-02 21:00:00,222093,2024,123,2100,8.12,84.0,,,,0.0,
2024-05-02 22:00:00,222094,2024,123,2200,7.99,81.0,,,,0.0,
2024-05-02 23:00:00,222095,2024,123,2300,7.55,99.0,,,,0.0,
2024-05-03 00:00:00,222096,2024,124,0,7.66,63.0,,,,0.0,
2024-05-03 01:00:00,222097,2024,124,100,7.48,77.0,,,,0.0,
2024-05-03 02:00:00,222098,2024,124,200,7.38,99.0,,,,0.0,
2024-05-03 03:00:00,222099,2024,124,300,7.13,100.0,,,,0.0,
2024-05-03 04:00:00,222100,2024,124,400,6.02,100.0,,,,0.0,
2024-05-03 05:00:00,222101,2024,124,500,6.91,100.0,,,,0.0,
2024-05-03 06:00:00,222102,2024,124,600,6.91,67.0,,,,0.0,
2024-05-03 07:00:00,222103,2024,124,700,6.53,57.0,,,,0.0,
2024-05-03 08:00:00,222104,2024,124,800,10.43,53.0,,,,0.0,
2024-05-03 09:00:00,222105,2024,124,900,13.52,49.0,,,,0.0,
2024-05-03 10:00:00,222106,2024,124,1000,14.52,44.0,,,,0.0,
2024-05-03 11:00:00,222107,2024,124,1100,15.98,42.0,,,,0.0,
2024-05-03 12:00:00,222108,2024,124,1200,16.88,39.0,,,,0.0,
2024-05-03 13:00:00,222109,2024,124,1300,18.02,38.0,,,,0.0,
2024-05-03 14:00:00,222110,2024,124,1400,17.24,41.0,,,,0.0,
2024-05-03 15:00:00,222111,2024,124,1500,16.38,39.0,,,,0.0,
2024-05-03 16:00:00,222112,2024,124,1600,16.71,40.0,,,,0.0,
2024-05-03 17:00:00,222113,2024,124,1700,16.1,41.0,,,,0.0,
2024-05-03 18:00:00,222114,2024,124,1800,14.64,43.0,,,,0.0,
2024-05-03 19:00:00,222115,2024,124,1900,13.2,73.0,,,,0.0,
2024-05-03 20:00:00,222116,2024,124,2000,12.18,83.0,,,,0.0,
2024-05-03 21:00:00,222117,2024,124,2100,10.29,97.0,,,,0.0,
2024-05-03 22:00:00,222118,2024,124,2200,9.62,100.0,,,,0.0,
2024-05-03 23:00:00,222119,2024,124,2300,10.0,100.0,,,,0.0,
